title,company,loation,link
Beginner to Mid-Level Software Engineer,GenSpark,United States,https://www.indeed.com/viewjob?jk=4b1711d8067d3d38&from=serp&vjs=3
Data Engineer + Apprentice,New Apprenticeship,"Jersey City, NJ",https://www.indeed.com/viewjob?jk=f6f2886e318127a2&from=serp&vjs=3
Entry level Data Analyst/Python,Emonics,+1 locationRemote,https://www.indeed.com/viewjob?jk=4cfa6784c0676190&from=serp&vjs=3
"Full Stack Developer, Entry Level",Energy Management Corporation,"Salt Lake City, UT 84101 (People's Freeway area)",https://www.indeed.com/viewjob?jk=ed5fc3a281d43208&from=serp&vjs=3
Data Analyst + Apprentice (Entry-Level),New Apprenticeship,"Raleigh, NC 27617 (Northwest Raleigh area)+5 locations",https://www.indeed.com/viewjob?jk=ca93b28c78869a44&from=serp&vjs=3
AWS Cloud Computing Specialist + Apprentice,New Apprenticeship,"Remote in Raleigh, NC 27617+3 locations",https://www.indeed.com/viewjob?jk=e509cbd3296b53e8&from=serp&vjs=3
Python Software Engineering Teaching Assistant (Part-Time),Hackbright Academy,+2 locationsRemote,https://www.indeed.com/viewjob?jk=cc10e115d1ed386e&from=serp&vjs=3
Remote Training and Placement in Python Developer Precision...,precision technologies,Remote,https://www.indeed.com/viewjob?jk=6bb9d76558a03514&from=serp&vjs=3
Sr. Python Developer,workcog inc,Remote,https://www.indeed.com/viewjob?jk=58c61859a3e52001&from=serp&vjs=3
Python Developer,APLOMB Technologies,+2 locationsRemote,https://www.indeed.com/viewjob?jk=f124094854fc4eed&from=serp&vjs=3
Researcher,Nike,"Beaverton, OR",https://www.indeed.com/viewjob?jk=a0cc477c361da2b7&from=serp&vjs=3
Python Developer,StatHero,Remote,https://www.indeed.com/viewjob?jk=15e64db0fa09c11c&from=serp&vjs=3
Python javascript developer,Formac Inc,Remote,https://www.indeed.com/viewjob?jk=c41f4d84f39299c3&from=serp&vjs=3
Python Developer,zenithtechsolutions,"Menlo Park, CA 94025 (Fair Oaks area)",https://www.indeed.com/viewjob?jk=c8f9284cc8e8c82f&from=serp&vjs=3
Remote Python Developer,Piper Companies,+3 locationsRemote,https://www.indeed.com/viewjob?jk=b70b18438b68dd60&from=serp&vjs=3
Entry Level Software Engineer,Avant,Remote,https://www.indeed.com/viewjob?jk=e5442252614bd9d9&from=serp&vjs=3
Student Assistant - Geographic Information Science (REMOTE),"University Enterprises, Inc.","Temporarily Remote in Sacramento, CA",https://www.indeed.com/viewjob?jk=21d741259b7a412c&from=serp&vjs=3
Software Support Specialist,Canary Systems Inc.,Vermont+1 location,https://www.indeed.com/viewjob?jk=4eb108c307fa8bd2&from=serp&vjs=3
Product Support Specialist,Intellipro Group Inc,"South San Francisco, CA 94080+1 location",https://www.indeed.com/viewjob?jk=605e3bf8d4392648&from=serp&vjs=3
Entry Level developer (Microsoft .NET & Front-End Technologi...,SummitWorks Technologies Inc,United States,https://www.indeed.com/viewjob?jk=597fde4ceb9020a8&from=serp&vjs=3
Data Scientist,SIL International,Remote,https://www.indeed.com/viewjob?jk=16086821a499d540&from=serp&vjs=3
"Backend engineer (remote, Python/Postgres/AWS)",Gridium Inc.,Remote,https://www.indeed.com/viewjob?jk=295721d5ecaa7e4b&from=serp&vjs=3
Python/SQL Programmer - Remote,Business Focus Inc.,"Remote in Providence, RI 02908",https://www.indeed.com/viewjob?jk=a82a3c7dcc8c9ae7&from=serp&vjs=3
GIS Python Developer,CTC Technology & Energy,Remote,https://www.indeed.com/viewjob?jk=4c7898303ccdee32&from=serp&vjs=3
Python Developer,Infinizi IT Solutions Pvt. Ltd.,+4 locationsRemote,https://www.indeed.com/viewjob?jk=3292b77db36a2b3b&from=serp&vjs=3
Research Engineer I,Indeed,Remote in United States+2 locations,https://www.indeed.com/viewjob?jk=f4672e4c2d996cb3&from=serp&vjs=3
Senior Python Data Engineer (Remote),Skywalk Global,Remote,https://www.indeed.com/viewjob?jk=c14911ce885151c5&from=serp&vjs=3
Python Developer,IT Alliances Inc,Remote,https://www.indeed.com/viewjob?jk=d3a74afc45a2b4fe&from=serp&vjs=3
Python Developer,SMIT Solutions,"Englewood, CO",https://www.indeed.com/viewjob?jk=e4b7ae8c27396a30&from=serp&vjs=3
Remote Python Data Engineer - ETL Specialist - Consultant,DataAxxis,Remote,https://www.indeed.com/viewjob?jk=9059b367b4366b4d&from=serp&vjs=3
Software Engineer,The Helper Bees,Remote,https://www.indeed.com/viewjob?jk=b757da757b4dd9c1&from=serp&vjs=3
Bioinformatician,UT Southwestern Medical Center,Remote,https://www.indeed.com/viewjob?jk=5f7e6a60dd3cf32e&from=serp&vjs=3
Python Developer,"PEN Software, Inc.","Englewood, CO 80112",https://www.indeed.com/viewjob?jk=919967029dfd444f&from=serp&vjs=3
Looker Developer (Fully Remote),Adorama,+1 locationRemote,https://www.indeed.com/viewjob?jk=2413192f0c1dc226&from=serp&vjs=3
"Remote Backend Developer (AWS, Python)",Zabble,Remote,https://www.indeed.com/viewjob?jk=31e96c15aeccedd2&from=serp&vjs=3
Support Opportunities,RStudio,"Remote in Seattle, WA",https://www.indeed.com/viewjob?jk=2c26339484d5141f&from=serp&vjs=3
Senior Researcher - Biomechanics | Nike Sport Research Lab,Nike,"Beaverton, OR",https://www.indeed.com/viewjob?jk=32c48bf5b98babec&from=serp&vjs=3
Python Engineer,Oddball,Remote,https://www.indeed.com/viewjob?jk=070093eefd2f420a&from=serp&vjs=3
Python Developer,APPIC Solutions LLC,"Englewood, CO 80110",https://www.indeed.com/viewjob?jk=d46ae425f634dc46&from=serp&vjs=3
Basketball Data Scientist (Remote),MSG Sports,Remote in New York State+1 location,https://www.indeed.com/viewjob?jk=8f422a5852e8357e&from=serp&vjs=3
"Data Scientist, Spotify Advertising",Spotify,Remote in Oregon+6 locations,https://www.indeed.com/viewjob?jk=cf1dfad66649138a&from=serp&vjs=3
Python Developer,Triunity Software,+1 locationRemote,https://www.indeed.com/viewjob?jk=4900691a0eef51bc&from=serp&vjs=3
Data Support Analyst (100% Remote),acs-team,Remote,https://www.indeed.com/viewjob?jk=5bd4f3836d3fea66&from=serp&vjs=3
Data Center Technician,Google,"Moncks Corner, SC 29461",https://www.indeed.com/viewjob?jk=f691c82257044ed3&from=serp&vjs=3
Python Developer,Tek-Proinfo Technologies,"Malvern, PA 19355",https://www.indeed.com/viewjob?jk=4396deb29367d14e&from=serp&vjs=3
Machine Learning Engineer,Judge Group,"Mountain View, CA",https://www.indeed.com/viewjob?jk=4dd2726a9844549c&from=serp&vjs=3
GIS Analyst,Locana,Remote,https://www.indeed.com/viewjob?jk=a677c125680e634c&from=serp&vjs=3
Python Developer,Mechlance INC,"Apple Valley, MN",https://www.indeed.com/viewjob?jk=dfe47e12218d4d70&from=serp&vjs=3
Windows Consulting Security Engineer (Remote/Regular Full Ti...,RELX Group,Remote,https://www.indeed.com/viewjob?jk=bce2ae0ac17e755d&from=serp&vjs=3
"Geographic Information Systems Specialist, Geo Data Operatio...",Google,"Hybrid remote in Mountain View, CA",https://www.indeed.com/viewjob?jk=372e5da1fa8745fb&from=serp&vjs=3
Python Developer,Tek-Proinfo Technologies,"Malvern, PA 19355",https://www.indeed.com/viewjob?jk=4396deb29367d14e&from=serp&vjs=3
Solutions Engineer,Menlo Park Recruitment,"Remote in San Francisco, CA",https://www.indeed.com/viewjob?jk=a4cffaccb1585683&from=serp&vjs=3
Machine Learning Engineer,Judge Group,"Mountain View, CA",https://www.indeed.com/viewjob?jk=4dd2726a9844549c&from=serp&vjs=3
GIS Analyst,Locana,Remote,https://www.indeed.com/viewjob?jk=a677c125680e634c&from=serp&vjs=3
Python Developer,Mechlance INC,"Apple Valley, MN",https://www.indeed.com/viewjob?jk=dfe47e12218d4d70&from=serp&vjs=3
Windows Consulting Security Engineer (Remote/Regular Full Ti...,RELX Group,Remote,https://www.indeed.com/viewjob?jk=bce2ae0ac17e755d&from=serp&vjs=3
"Geographic Information Systems Specialist, Geo Data Operatio...",Google,"Hybrid remote in Mountain View, CA",https://www.indeed.com/viewjob?jk=372e5da1fa8745fb&from=serp&vjs=3
Junior Software Engineer,"Utilidata, Inc.",Remote,https://www.indeed.com/viewjob?jk=8b546426304a0d0f&from=serp&vjs=3
Machine Learning Engineer,PlayStation Global,"San Francisco, CA+3 locations",https://www.indeed.com/viewjob?jk=6a8ae670e65dc3f0&from=serp&vjs=3
Software Engineer,TradeBlock,Remote,https://www.indeed.com/viewjob?jk=0ad3f88e55325ecf&from=serp&vjs=3
Python SDET,i3 Patterns Inc,Remote,https://www.indeed.com/viewjob?jk=9cea2f2e3adfe456&from=serp&vjs=3
Senior Python Developer (Remote),EnterBridge Technologies,Remote,https://www.indeed.com/viewjob?jk=73ce16cd25ccd53e&from=serp&vjs=3
AWS Python developer,Precision Technology,Remote,https://www.indeed.com/viewjob?jk=2b7d7d024821d1c5&from=serp&vjs=3
Software Development Engineer I,Heartdub,"Bellevue, WA 98005 (Eastgate area)+1 location",https://www.indeed.com/viewjob?jk=da02bd69a6cff3b5&from=serp&vjs=3
Product Analyst,Cheetah Technologies,+1 locationRemote,https://www.indeed.com/viewjob?jk=f91a3b32bc20f7da&from=serp&vjs=3
Python Developer Anywhere,Santex Group,United States,https://www.indeed.com/viewjob?jk=040f2c487a3dd6d3&from=serp&vjs=3
Core Faculty Online - BS in Information Technology,University of Arizona Global Campus,+1 locationRemote,https://www.indeed.com/viewjob?jk=7c73ad309aa083c0&from=serp&vjs=3
AWS Python Developer,Cloudware IT,"Atlanta, GA",https://www.indeed.com/viewjob?jk=64a9c7212682f412&from=serp&vjs=3
Data Analyst: Technical Business Intelligence,Barstool Sports,Remote in United States,https://www.indeed.com/viewjob?jk=1b69b56cac09ab1d&from=serp&vjs=3
Jr. Python Developer,Brilliant Infotech,Remote,https://www.indeed.com/viewjob?jk=2cccf8dc7fb69022&from=serp&vjs=3
Data Engineer,eShipping,Remote,https://www.indeed.com/viewjob?jk=fc7a9693d7f2346b&from=serp&vjs=3
Python Developer,Leading Edge Technologies,"Minneapolis, MN",https://www.indeed.com/viewjob?jk=84cdf7421a664164&from=serp&vjs=3
Python developer- Full Time Role,Visionary Innovative Technology Solutions,"New York, NY+1 location",https://www.indeed.com/viewjob?jk=79f17ff6c35aee67&from=serp&vjs=3
Research Engineer I,Indeed,+2 locationsRemote,https://www.indeed.com/viewjob?jk=2d5b937552f23b06&from=serp&vjs=3
Net Dev Ops Technician,"Rhodium Industries, LLC","Rockdale, TX 76567",https://www.indeed.com/viewjob?jk=4ac8674b68d4de50&from=serp&vjs=3
Senior GIS Python Developer,Surge,Remote,https://www.indeed.com/viewjob?jk=5615a35525b615ef&from=serp&vjs=3
Python Developer,NorthCrag,"Sunnyvale, CA+1 location",https://www.indeed.com/viewjob?jk=df784711fc7d517e&from=serp&vjs=3
Data Associate,Hart Research Associates,"Washington, DC 20009 (Dupont Circle area)",https://www.indeed.com/viewjob?jk=8570f91a5a1a7d9e&from=serp&vjs=3
Python Developer (Entry-Level),"Information Management Services, Inc","Beltsville, MD 20705",https://www.indeed.com/viewjob?jk=dbcef65a8e66f17e&from=serp&vjs=3
Threat Hunter (Remote),CrowdStrike,Remote in United States,https://www.indeed.com/viewjob?jk=e57c697fd147acca&from=serp&vjs=3
Computer Programming Coach at Summer Camp,Math Culture LLC,"Los Altos, CA",https://www.indeed.com/viewjob?jk=9d1a8ac779594722&from=serp&vjs=3
Python Developer,Gratiture Solutions,Remote,https://www.indeed.com/viewjob?jk=31abea822a9272a8&from=serp&vjs=3
W2 Position..........GIS Developer with Python,Vizva Technologies,Remote,https://www.indeed.com/viewjob?jk=fba93d648350186a&from=serp&vjs=3
Entry Level Data Analyst,Talentheed Inc,"San Jose, CA",https://www.indeed.com/viewjob?jk=3691a35d597a41ab&from=serp&vjs=3
Healthcare Data Analyst - Entry Level - Remote!,Qlarant,Remote,https://www.indeed.com/viewjob?jk=3a70cc47a8232236&from=serp&vjs=3
Data Analyst,WEBTOON Entertainment,"Los Angeles, CA 90036",https://www.indeed.com/viewjob?jk=c9d6266fea406fca&from=serp&vjs=3
Python Developers with AWS & NoSQL,Addo,Remote,https://www.indeed.com/viewjob?jk=aa1cc0ad819b2779&from=serp&vjs=3
Python Developer,Agama Solutions,"Remote in San Francisco, CA+1 location",https://www.indeed.com/viewjob?jk=f6a64372a5851eec&from=serp&vjs=3
Python Developer,Hennessey Digital,Remote,https://www.indeed.com/viewjob?jk=999a9473f705fdbc&from=serp&vjs=3
"Data Analyst, University Graduate - 2022 Start",TikTok,"Mountain View, CA 94041 (Old Mountain View area)+11 locations",https://www.indeed.com/viewjob?jk=9ad119417b53fe9d&from=serp&vjs=3
MACHINE LEARNING DATA SCIENTIST - PYTHON AND R,InspiHER Tech,Remote,https://www.indeed.com/viewjob?jk=10be5b703cba933a&from=serp&vjs=3
Entry Level Python Developer,I28 Technologies Corporation,"Iselin, NJ 08830",https://www.indeed.com/viewjob?jk=ccb5d8bdb3dc2057&from=serp&vjs=3
Python Developer,Third Republic,Remote in United States,https://www.indeed.com/viewjob?jk=dc7c8c09bdb12f68&from=serp&vjs=3
Python Engineer II,Nexintech Inc,"Redmond, WA",https://www.indeed.com/viewjob?jk=97041acba6df96db&from=serp&vjs=3
Associate Software Engineer,Planted,Remote,https://www.indeed.com/viewjob?jk=8c79ad15e049e078&from=serp&vjs=3
Cyber Security Analyst,"PowerTrain, Inc.",Remote,https://www.indeed.com/viewjob?jk=9004b1803f48d662&from=serp&vjs=3
Python Backend Developer,SEQ Technology,"Hybrid remote in New York, NY 10020",https://www.indeed.com/viewjob?jk=e7b6b8a8656c67ef&from=serp&vjs=3
Thermal Systems Aerodynamicist,Tesla,"Fremont, CA",https://www.indeed.com/viewjob?jk=3371677a8b234a25&from=serp&vjs=3
Full Stack Web Developer (Cannabis),Divvy Digital,+1 locationRemote,https://www.indeed.com/viewjob?jk=09ae73d91d9d0731&from=serp&vjs=3
Python and Airflow Developer,Capgemini,+8 locationsRemote,https://www.indeed.com/viewjob?jk=44e20900df0e9bfa&from=serp&vjs=3
CTO and Co-Founder,Ragin' Raccoon,Remote,https://www.indeed.com/viewjob?jk=faccca4f70e44b6b&from=serp&vjs=3
GIS Python Developer,CTC Technology & Energy,Remote,https://www.indeed.com/viewjob?jk=4c7898303ccdee32&from=serp&vjs=3
"Systems Administrator, Chrome Labs",Google,"Hybrid remote in San Francisco, CA+8 locations",https://www.indeed.com/viewjob?jk=943f74df826bbf6a&from=serp&vjs=3
Sr. Python Developer,spar information systems,Remote,https://www.indeed.com/viewjob?jk=031646a46ad20332&from=serp&vjs=3
Software Engineer I - Product Technology,Indeed,+126 locationsRemote,https://www.indeed.com/viewjob?jk=c8a11a4765c936eb&from=serp&vjs=3
Data Engineer - Python or Scala,firstPRO Inc.,Remote,https://www.indeed.com/viewjob?jk=a1f1e178ae3fa12d&from=serp&vjs=3
"Engineering Manager, FIFO",Pinterest,United States,https://www.indeed.com/viewjob?jk=c0e711cf5a6d03b0&from=serp&vjs=3
Full Stack Engineer - U. S. Remote,Shopventory,+1 locationRemote,https://www.indeed.com/viewjob?jk=c2da9b8a86be44c5&from=serp&vjs=3
Cyber Security Analyst,"PowerTrain, Inc.",Remote,https://www.indeed.com/viewjob?jk=9004b1803f48d662&from=serp&vjs=3
Python Developer,Triunity Software,+1 locationRemote,https://www.indeed.com/viewjob?jk=4900691a0eef51bc&from=serp&vjs=3
Virtual Tutor-Python Tutor for a Cyber Security College stud...,Splendid Tutoring LLC.,Remote,https://www.indeed.com/viewjob?jk=35fa29ecdb756a7d&from=serp&vjs=3
Bioinformatician,UT Southwestern Medical Center,Remote,https://www.indeed.com/viewjob?jk=5f7e6a60dd3cf32e&from=serp&vjs=3
Coding Teacher for Children,AiGoLearning,Remote,https://www.indeed.com/viewjob?jk=051346cc7006195d&from=serp&vjs=3
Genomics Scientist,InsideTracker ( Segterra ),Remote,https://www.indeed.com/viewjob?jk=ccb0aed9e941a23e&from=serp&vjs=3
Cartographic Analyst-Day Shift-Apprentice,Leidos,+4 locationsRemote,https://www.indeed.com/viewjob?jk=6c7cfae05c6279d9&from=serp&vjs=3
Computer Science Teacher / Instructor (Online) for Summer Ca...,AlphaStar Academy,Remote,https://www.indeed.com/viewjob?jk=7c2b5527467bf4f2&from=serp&vjs=3
Python Developer with MongoDB,Asraa Tech LLC,Remote,https://www.indeed.com/viewjob?jk=1008c4b1269befed&from=serp&vjs=3
Researcher,Nike,"Beaverton, OR",https://www.indeed.com/viewjob?jk=a0cc477c361da2b7&from=serp&vjs=3
Data Analyst Bootcamp Instructor,New Apprenticeship,Remote,https://www.indeed.com/viewjob?jk=a0cc72b09d8dda7a&from=serp&vjs=3
Data Scientist - REMOTE,Cilable,Remote,https://www.indeed.com/viewjob?jk=05c87df739e0a690&from=serp&vjs=3
QA Automation Engineer (Python),IT Alliances Inc,Remote,https://www.indeed.com/viewjob?jk=b7b393c5addf1dc4&from=serp&vjs=3
"Software Engineer, University Grad",Facebook App,+126 locationsRemote,https://www.indeed.com/viewjob?jk=a59b7d964c2d4850&from=serp&vjs=3
21-0861 - Security Consultant,worldwide TechServices,+2 locationsRemote,https://www.indeed.com/viewjob?jk=199e6398cdb30619&from=serp&vjs=3
Data Scientist (Machine Learning),"Dynamic Placement Services, LLC",+1 locationRemote,https://www.indeed.com/viewjob?jk=fb1c37e242fa7e68&from=serp&vjs=3
Data Mentor (Part-time),Pathrise,Remote,https://www.indeed.com/viewjob?jk=1ca4abef538dab27&from=serp&vjs=3
Data Scientist,WorkCog,"California City, CA",https://www.indeed.com/viewjob?jk=c5d527d9ee22efba&from=serp&vjs=3
Sr. Python Developer,Workcog,"Charlotte, NC",https://www.indeed.com/viewjob?jk=81fb95b6d2ac7168&from=serp&vjs=3
Sr. Python Developer,Con,"Austin, TX",https://www.indeed.com/viewjob?jk=00aa4a2fe2336920&from=serp&vjs=3
Python Developer,Advansys Solutions,Remote,https://www.indeed.com/viewjob?jk=11a6debf9c2de233&from=serp&vjs=3
Coding Teacher (Female),Hofars,Remote,https://www.indeed.com/viewjob?jk=2d372699558c87fd&from=serp&vjs=3
Data Science Instructor - Program Development,Berkeley Coding Academy,+1 locationRemote,https://www.indeed.com/viewjob?jk=6a5e9d51416d78c6&from=serp&vjs=3
Sr. Python Developer / Product Manager,Metify,Remote,https://www.indeed.com/viewjob?jk=683f4e34825a9676&from=serp&vjs=3
Data Engineer with Python,IT Expert US,Remote,https://www.indeed.com/viewjob?jk=ef58f23a4bdd6d96&from=serp&vjs=3
Online Marketing Analyst,SmartClick Advertising,Remote,https://www.indeed.com/viewjob?jk=dcba2df1211c287c&from=serp&vjs=3
Senior GIS Python Developer,Surge,Remote,https://www.indeed.com/viewjob?jk=5615a35525b615ef&from=serp&vjs=3
Junior DevOps Engineer,"Flex Rental Solutions, Inc.",+1 locationRemote,https://www.indeed.com/viewjob?jk=f3da0066a3ee4636&from=serp&vjs=3
Quality Assurance Engineer,Integration Developer Network LLC,Remote,https://www.indeed.com/viewjob?jk=daad0971fad82f0a&from=serp&vjs=3
Python Developer,TELEWORLD SOLUTIONS INC,+1 locationRemote,https://www.indeed.com/viewjob?jk=9ca8b62e8986d2c9&from=serp&vjs=3
Python javascript developer,Formac Inc,Remote,https://www.indeed.com/viewjob?jk=c41f4d84f39299c3&from=serp&vjs=3
Data Scientist,SolluCIO Partners,Remote,https://www.indeed.com/viewjob?jk=c4d8977593ba369d&from=serp&vjs=3
Biomechanical Engineer,Boston Red Sox,Remote,https://www.indeed.com/viewjob?jk=eb77b0df8feab910&from=serp&vjs=3
Sr. Python Developer,Infoway solutions LLC,Remote,https://www.indeed.com/viewjob?jk=eeeda8657f47c07b&from=serp&vjs=3
Coding Teacher,hofars,Remote,https://www.indeed.com/viewjob?jk=1f0586aed6384951&from=serp&vjs=3
DevOps with Python Scripting,Nextgen Innovation,"Milpitas, CA",https://www.indeed.com/viewjob?jk=7a56f1cc4f054f99&from=serp&vjs=3
"Software Engineer (Backend, Python)",NBCUniversal,+4 locationsRemote,https://www.indeed.com/viewjob?jk=4ecee6179b59cfe6&from=serp&vjs=3
Software Development Engineer I,Heartdub,"Bellevue, WA 98005 (Eastgate area)+1 location",https://www.indeed.com/viewjob?jk=da02bd69a6cff3b5&from=serp&vjs=3
JAMF SME,zb.io,Remote,https://www.indeed.com/viewjob?jk=278c9d4b1f124ba1&from=serp&vjs=3
Python Developer,IT Alliances Inc,Remote,https://www.indeed.com/viewjob?jk=d3a74afc45a2b4fe&from=serp&vjs=3
Python/Django Web Application Developer,Health Connective,Remote,https://www.indeed.com/viewjob?jk=d1fda372829fad5d&from=serp&vjs=3
Entry Level - Data Analyst,General Motors,Remote in United States+3 locations,https://www.indeed.com/viewjob?jk=f46c8b98568c8bcb&from=serp&vjs=3
Data Scientist,Flipped.ai,"New York, NY",https://www.indeed.com/viewjob?jk=4faf96355f8d0051&from=serp&vjs=3
Python Engineer II,Nexintech Inc,"Redmond, WA",https://www.indeed.com/viewjob?jk=97041acba6df96db&from=serp&vjs=3
Python Automation Engineer,HCL America Inc,"Temporarily Remote in Mountain View, CA",https://www.indeed.com/viewjob?jk=db7efaa637e0b681&from=serp&vjs=3
Blockchain / Solidity Developer (100% Remote),PDR Restoration,Remote,https://www.indeed.com/viewjob?jk=d7491f47b4fedbb1&from=serp&vjs=3
Python Engineer,FlashParking,Remote,https://www.indeed.com/viewjob?jk=8b65b366ed011ee0&from=serp&vjs=3
UTS - Temporary Python/Django Web Application Developer at U...,North Carolina State University,"Chapel Hill, NC",https://www.indeed.com/viewjob?jk=fcefde319a06f056&from=serp&vjs=3
Python Developer,Hennessey Digital,Remote,https://www.indeed.com/viewjob?jk=999a9473f705fdbc&from=serp&vjs=3
Data Engineer with Python,IT Expert US,Remote,https://www.indeed.com/viewjob?jk=ef58f23a4bdd6d96&from=serp&vjs=3
Machine Learning Engineer - Remote,Sharecare Inc.,Remote in California+2 locations,https://www.indeed.com/viewjob?jk=3d5b75cfa7d5df99&from=serp&vjs=3
"Threat Analyst, Adult Nudity & Sexual Activity (ANSA)",TikTok,"Mountain View, CA 94041 (Old Mountain View area)",https://www.indeed.com/viewjob?jk=ea93db9c80d0046c&from=serp&vjs=3
Python Full Stack Developer,Thomas Clouse LLC,Remote,https://www.indeed.com/viewjob?jk=3fef8ab6b557ba21&from=serp&vjs=3
"Python Developer, remote work (m/f/d)",TP USA,Remote,https://www.indeed.com/viewjob?jk=bef2f986c0ab760d&from=serp&vjs=3
Python Developer,zenithtechsolutions,"Menlo Park, CA 94025 (Fair Oaks area)",https://www.indeed.com/viewjob?jk=c8f9284cc8e8c82f&from=serp&vjs=3
Core Software Developer (Python),Company3/Method Studios,"Santa Monica, CA",https://www.indeed.com/viewjob?jk=da8150bd614b4628&from=serp&vjs=3
Python Developer,Third Republic,Remote in United States,https://www.indeed.com/viewjob?jk=dc7c8c09bdb12f68&from=serp&vjs=3
Python JavaScript Developer,"Spatial Front, Inc.",Remote,https://www.indeed.com/viewjob?jk=2aa36db0bb0d090f&from=serp&vjs=3
Jr. Python Developer,Fabric8Labs,"San Diego, CA 92121 (University City area)",https://www.indeed.com/viewjob?jk=fcca10521e433c7a&from=serp&vjs=3
Python javascript developer,Formac Inc,Remote,https://www.indeed.com/viewjob?jk=c41f4d84f39299c3&from=serp&vjs=3
Data Scientist/Python Developer,eTeam Inc,"Remote in Peoria, IL+1 location",https://www.indeed.com/viewjob?jk=94c90ddfd6c27e6c&from=serp&vjs=3
Python Developer,Nuvento systems,+1 locationRemote,https://www.indeed.com/viewjob?jk=f2beba2d5640fd15&from=serp&vjs=3
GIS Analyst,Locana,Remote,https://www.indeed.com/viewjob?jk=a677c125680e634c&from=serp&vjs=3
Python Developer,N9 IT SOLUTIONS,Remote,https://www.indeed.com/viewjob?jk=3f9b2d94ad88341a&from=serp&vjs=3
Python Developers with AWS & NoSQL,Addo,Remote,https://www.indeed.com/viewjob?jk=aa1cc0ad819b2779&from=serp&vjs=3
Frontend Development Manager,TensorIoT Inc,Remote,https://www.indeed.com/viewjob?jk=5f9d60f2928516bf&from=serp&vjs=3
Python Engineer,Backblaze,"Remote in San Mateo, CA 94401",https://www.indeed.com/viewjob?jk=14f9b169c952bcff&from=serp&vjs=3
Python Developer,Versa Networks,"San Jose, CA 95002",https://www.indeed.com/viewjob?jk=a5a3e7439b6588aa&from=serp&vjs=3
Python Developer,Orion Inc.,Remote,https://www.indeed.com/viewjob?jk=5c32ba470361c0fa&from=serp&vjs=3
Python Flask Web Developer,Connect Digitech,Remote,https://www.indeed.com/viewjob?jk=852529915a09a4dc&from=serp&vjs=3
Python Developer [Job ID 20220317],Phoenix Cyber,Remote,https://www.indeed.com/viewjob?jk=1128ef0369963c2b&from=serp&vjs=3
Data Analyst,REAL Strategies,Remote,https://www.indeed.com/viewjob?jk=33962bdf5fc77baa&from=serp&vjs=3
Machine Learning Engineer,Factspan Inc,Remote,https://www.indeed.com/viewjob?jk=09c3bfe8f1fae160&from=serp&vjs=3
Applied Biomechanics Researcher,Apple,"Cupertino, CA+2 locations",https://www.indeed.com/viewjob?jk=ef8bfdf697ccd979&from=serp&vjs=3
Windows Consulting Security Engineer (Remote/Regular Full Ti...,RELX Group,Remote,https://www.indeed.com/viewjob?jk=bce2ae0ac17e755d&from=serp&vjs=3
Sr. Python Developer,spar information systems,Remote,https://www.indeed.com/viewjob?jk=031646a46ad20332&from=serp&vjs=3
QA Engineer,AddShoppers,Remote,https://www.indeed.com/viewjob?jk=084c5e42a5c0aa8c&from=serp&vjs=3
Python Developer,Infinity Quest,"Boston, MA",https://www.indeed.com/viewjob?jk=d9ca3fc054a754c3&from=serp&vjs=3
Automation Engineer,Apple,"Culver City, CA+30 locations",https://www.indeed.com/viewjob?jk=2b9bf5d52d2d0520&from=serp&vjs=3
Senior GIS Python Developer,Surge,Remote,https://www.indeed.com/viewjob?jk=5615a35525b615ef&from=serp&vjs=3
Software Developer for virtualization solutions C++ and Pyth...,Letter B,Remote,https://www.indeed.com/viewjob?jk=8b19c9983fcdc2dc&from=serp&vjs=3
Software Engineer React/Python (Remote),RDI Tech Partners,Remote,https://www.indeed.com/viewjob?jk=fc2003cb084ee911&from=serp&vjs=3
Senior Backend Developer (Remote),Heliolytics,Remote,https://www.indeed.com/viewjob?jk=fe6ddd1e93ef639a&from=serp&vjs=3
Python Developer,Leading Edge Technologies,"Minneapolis, MN",https://www.indeed.com/viewjob?jk=84cdf7421a664164&from=serp&vjs=3
Support Engineer,Formstack,Remote,https://www.indeed.com/viewjob?jk=32568fd3164e593c&from=serp&vjs=3
Front End Developer,Cognitive GeoInterpretation Inc.,Remote,https://www.indeed.com/viewjob?jk=d336cea262dc59de&from=serp&vjs=3
Remote Python Data Engineer - ETL Specialist - Consultant,DataAxxis,Remote,https://www.indeed.com/viewjob?jk=9059b367b4366b4d&from=serp&vjs=3
Python Developer,TELEWORLD SOLUTIONS INC,+1 locationRemote,https://www.indeed.com/viewjob?jk=9ca8b62e8986d2c9&from=serp&vjs=3
Quality Analyst,SOFTWARE CONCEPTS LLC,Remote,https://www.indeed.com/viewjob?jk=d88432853bda074c&from=serp&vjs=3
"Software Engineer, Python Developer",Carium,"Remote in Petaluma, CA 94952+1 location",https://www.indeed.com/viewjob?jk=8f403be160ef62b1&from=serp&vjs=3
93K TESTER (C++/PYTHON/PERL/SEMICONDUCTOR TESTING) -EW,Cube Hub Inc,Remote,https://www.indeed.com/viewjob?jk=d7366ccf3fdf84f8&from=serp&vjs=3
Data Scientist I,Wellstone Technologies,+3 locationsRemote,https://www.indeed.com/viewjob?jk=50794de010777a59&from=serp&vjs=3
Red Teamer,Xforia,Remote,https://www.indeed.com/viewjob?jk=fddfed668bd451b5&from=serp&vjs=3
Software QA Engineer (Junior- Mid level),Premier Staffing Partners,"Remote in Oak Ridge, TN+4 locations",https://www.indeed.com/viewjob?jk=6c77fb45cbab3e4e&from=serp&vjs=3
Actuarial Analyst,Actuarial Strategies & Tactics,"Scottsdale, AZ 85251 (South Scottsdale area)",https://www.indeed.com/viewjob?jk=7cad4e21aadadd76&from=serp&vjs=3
Python Developer,Adjacent Solutions,"Richardson, TX 75080",https://www.indeed.com/viewjob?jk=9acff7980dcd4154&from=serp&vjs=3
Sr. Python Developer,MaxisIT Inc,Remote,https://www.indeed.com/viewjob?jk=19b3f840e6924fcf&from=serp&vjs=3
Photovoltaic Embodied-Energy and Carbon Emissions Researcher...,National Renewable Energy Laboratory,+4 locationsRemote,https://www.indeed.com/viewjob?jk=1445e3d6b50c7e5e&from=serp&vjs=3
DevOps Engineer,Integration Developer Network LLC,Remote,https://www.indeed.com/viewjob?jk=009ffaf6856a985c&from=serp&vjs=3
ENTRY LEVEL Data Analyst,PCS Global Tech,"Tucson, AZ+1 location",https://www.indeed.com/viewjob?jk=17e44d6b1737bc2a&from=serp&vjs=3
Biomechanical Engineer,Boston Red Sox,Remote,https://www.indeed.com/viewjob?jk=eb77b0df8feab910&from=serp&vjs=3
Software Tester,Stefanini,"Greensboro, NC 27409",https://www.indeed.com/viewjob?jk=3e12bf431355f6ae&from=serp&vjs=3
Sr. Python Developer,Evalueserve,"Remote in New York, NY",https://www.indeed.com/viewjob?jk=13419c93e938feed&from=serp&vjs=3
Data Engineer I,Spring Venture Group,Remote,https://www.indeed.com/viewjob?jk=5f3f8fce4e1a7f76&from=serp&vjs=3
Python Developer,SEQ Technology,Remote,https://www.indeed.com/viewjob?jk=1f328919a729eb6a&from=serp&vjs=3
"Python Developer, remote work (m/f/d)",TP USA,Remote,https://www.indeed.com/viewjob?jk=bef2f986c0ab760d&from=serp&vjs=3
Junior Developer,Digitize Solutions,"Remote in Las Vegas, NV",https://www.indeed.com/viewjob?jk=3b5a7fd6b0e7e805&from=serp&vjs=3
Python Developer,EA Team,"Sunrise, FL 33323",https://www.indeed.com/viewjob?jk=31050db7ff4e9b5e&from=serp&vjs=3
Data Scientist,Holiday Swap,Remote,https://www.indeed.com/viewjob?jk=45ca8ffe1a61e75e&from=serp&vjs=3
Data Scientist,Lark Health,"Remote in Mountain View, CA",https://www.indeed.com/viewjob?jk=8c210ae1526ec390&from=serp&vjs=3
Data Scientist,Hans Spaces LLC,Remote,https://www.indeed.com/viewjob?jk=957378c3f10ded68&from=serp&vjs=3
Applied Biomechanics Researcher,Apple,"Cupertino, CA+2 locations",https://www.indeed.com/viewjob?jk=ef8bfdf697ccd979&from=serp&vjs=3
Python Developer,Software Technology Group,"Salt Lake City, UT",https://www.indeed.com/viewjob?jk=f9fb45a2066adacc&from=serp&vjs=3
"Python Engineer, PropData",Rex Teams,"Austin, TX",https://www.indeed.com/viewjob?jk=4125ecc1a08cb41e&from=serp&vjs=3
"Junior Analyst, Baseball Research & Development",Tampa Bay Rays,"Saint Petersburg, FL 33705",https://www.indeed.com/viewjob?jk=29e437e14944c0fd&from=serp&vjs=3
Python Developer,N9 IT SOLUTIONS,Remote,https://www.indeed.com/viewjob?jk=3f9b2d94ad88341a&from=serp&vjs=3
Backend Developer,Jiss Tech LLC,Remote,https://www.indeed.com/viewjob?jk=236d251793f18e91&from=serp&vjs=3
Python Developer with Laravel framework Experience,Interas Labs LLC,Remote,https://www.indeed.com/viewjob?jk=8b4eba4197b172f1&from=serp&vjs=3
DevOps with Python Scripting,Nextgen Innovation,"Milpitas, CA",https://www.indeed.com/viewjob?jk=7a56f1cc4f054f99&from=serp&vjs=3
Python Developer,TELEWORLD SOLUTIONS INC,+1 locationRemote,https://www.indeed.com/viewjob?jk=9ca8b62e8986d2c9&from=serp&vjs=3
Backend python Developer,Info Way Solutions,"Temporarily Remote in Sunnyvale, CA",https://www.indeed.com/viewjob?jk=9274c74f4a5f1193&from=serp&vjs=3
Python Data Engineer,Techskills,"Temporarily Remote in Orlando, FL 32809",https://www.indeed.com/viewjob?jk=c4cedf3ea7cc3d3d&from=serp&vjs=3
Python Developer,"NBTY, Inc.","San Jose, CA 95134 (North San Jose area)",https://www.indeed.com/viewjob?jk=890872bac93827e9&from=serp&vjs=3
Python Developer,Integrated Tech Solutions,Remote,https://www.indeed.com/viewjob?jk=cbeb5e9f14ddb817&from=serp&vjs=3
CRYPTO DEVELOPER/TRADER,XR Trading LLC,Remote,https://www.indeed.com/viewjob?jk=ab264a1406e37dbe&from=serp&vjs=3
Data Scientist (Machine Learning),1Nation,Remote,https://www.indeed.com/viewjob?jk=3e90d63592962904&from=serp&vjs=3
Python Developer,GAC Solutions Inc,"Newport Beach, CA",https://www.indeed.com/viewjob?jk=78910aac179972eb&from=serp&vjs=3
BHJOB15656_17041 - Full-stack Python Developer (Remote),Myticas Consulting,Remote,https://www.indeed.com/viewjob?jk=5e3f2c4dc706844a&from=serp&vjs=3
Junior Software Developer,Clarity Technology Partners,"Fairborn, OH 45324",https://www.indeed.com/viewjob?jk=05fef193b4366d2c&from=serp&vjs=3
AWS Python Developer,Inscope Global Solutions,Remote,https://www.indeed.com/viewjob?jk=2b06a594227548d9&from=serp&vjs=3
Data Scientist,WorkCog,"California City, CA",https://www.indeed.com/viewjob?jk=c5d527d9ee22efba&from=serp&vjs=3
"Camera and Imaging Hardware Engineer, Early Career",Google,"Mountain View, CA+16 locations",https://www.indeed.com/viewjob?jk=3531b51fde6e5370&from=serp&vjs=3
Research Project Manager,National Center for Employee Ownership (NCEO),Remote,https://www.indeed.com/viewjob?jk=026057a8b647710f&from=serp&vjs=3
K-12 Coding Instructor,K12 Learning Experience,Remote,https://www.indeed.com/viewjob?jk=a78ebfaeec7fa30d&from=serp&vjs=3
Sr. Python Developer (USC/GC) over all 10+years exp is must,"Conquest Tech Solutions, Inc",Remote,https://www.indeed.com/viewjob?jk=85cbe2f6d0b4fccf&from=serp&vjs=3
"Software Engineer II, Google Meet",Google,"Raleigh, NC (Hillsborough area)+48 locations",https://www.indeed.com/viewjob?jk=a3e9be50f87f4839&from=serp&vjs=3
"Data Engineer - Snowflake, Databricks, CI/CD, Pipelines, Pyt...",Ray Technosolutions,+1 locationRemote,https://www.indeed.com/viewjob?jk=da933e0013789c6c&from=serp&vjs=3
Online Mentor - Web Development Bootcamp,Quick Start,"Remote in New York, NY",https://www.indeed.com/viewjob?jk=feb23cbed327c9f2&from=serp&vjs=3
Entry level Opportunity :: Data Engineer Entry level Opportu...,PCS Global Tech,"San Jose, CA+1 location",https://www.indeed.com/viewjob?jk=a991a9785e4c2653&from=serp&vjs=3
Customer Support Specialist,dbt Labs,Remote in United States,https://www.indeed.com/viewjob?jk=95b23e6b43ac153b&from=serp&vjs=3
Software Engineer (Python),imgix,"Remote in San Francisco, CA 94103",https://www.indeed.com/viewjob?jk=061298c0481410d0&from=serp&vjs=3
Psychometrician,"Amplify Education, Inc.",Remote in United States,https://www.indeed.com/viewjob?jk=6729f62890b57136&from=serp&vjs=3
Python Developer (Remote),Finsera,No office location,https://stackoverflow.com/jobs/524065
Backend Engineering Manager (Python) - Spekit - High Growth Series A Startup,SpekitviaSource Coders,No office location,https://stackoverflow.com/jobs/566634
Software Developer (Python),Picnic,"Amsterdam, Netherlands",https://stackoverflow.com/jobs/292346
Python Developer suchen Kollegen (m/w/d),solute GmbH,"Karlsruhe, Deutschland",https://stackoverflow.com/jobs/284443
Python Software Engineer,Captivation Software,"Fort Meade, MD",https://stackoverflow.com/jobs/525426
Backend Software Engineer - Python,Hubs,"Amsterdam, Netherlands",https://stackoverflow.com/jobs/543394
Python Data Engineer,Tech City Labs,"Reading, UK",https://stackoverflow.com/jobs/566099
"Senior Software Engineer, Python",Chaturbate,"San Francisco, CA",https://stackoverflow.com/jobs/566183
Python/Django Developer (m/f/d),social sweethearts® GmbH,No office location,https://stackoverflow.com/jobs/566615
Python Engineer,McD Tech Labs,"Mountain View, CA",https://stackoverflow.com/jobs/534766
Fullstack Engineer II (Python/Django/React),StyleSeat,No office location,https://stackoverflow.com/jobs/554278
Python Software Engineer (Quant Trading Firm),"Old Mission Capital, LLC","Chicago, IL",https://stackoverflow.com/jobs/528807
Senior Backend Engineer (Python/Django) (m/f/d),Motius GmbH,"Belgrad, Serbien",https://stackoverflow.com/jobs/566601
Python Software Engineer - International growing scale-up!,Channable,"Utrecht, Netherlands",https://stackoverflow.com/jobs/265091
Python Developer (Remote),X-Team,No office location,https://stackoverflow.com/jobs/534454
Python Entwickler*in Remote (f/m/d),Ambient,"Köln, Deutschland",https://stackoverflow.com/jobs/493874
"Tech Lead, Python Systems Engineering",McD Tech Labs,"Mountain View, CA",https://stackoverflow.com/jobs/523801
Python Engineer for Climate Change - Budapest,MSCI,"Budapest, Hungary",https://stackoverflow.com/jobs/566493
Senior Software Developer Python (m/f/d),Ströer Online Marketing,"Hamburg, Deutschland",https://stackoverflow.com/jobs/462625
Sr. Full Stack Engineer- Python,AutoTrader,"Toronto, ON, Canada",https://stackoverflow.com/jobs/529021
Senior Python/Django Fullstack Developer (m/f/d) - On-site or Remote,social sweethearts® GmbH,"München, Deutschland",https://stackoverflow.com/jobs/566738
Python Engineer,Intel Corporation,"Gdańsk, Poland",https://stackoverflow.com/jobs/529943
Senior Software Engineer (Python),HENNGE K.K.,"Tokyo, Japan",https://stackoverflow.com/jobs/555511
Python-Entwickler (w/m/d),parcIT GmbH,"Köln, Germany",https://stackoverflow.com/jobs/566326
Software Engineer (Python AWS),Wizeline,"Phường 12 (Quận 10), Vietnam",https://stackoverflow.com/jobs/487852
"Data Engineer (Python, ETL)",Finsera,No office location,https://stackoverflow.com/jobs/536631
Senior Full Stack Engineer (Python/JavaScript),Night Market,No office location,https://stackoverflow.com/jobs/566448
Full Stack Engineer (Mid-level - Python/JavaScript),Night Market,No office location,https://stackoverflow.com/jobs/566449
"Fullstack Software Entwickler - Python, .NET (m/w/d)",Comline Computer + Softwarelösungen SE,"Hamburg, Deutschland",https://stackoverflow.com/jobs/566662
"Senior IoT Software Engineer (M/W/D/) Python, C++",VISPIRON CHARGE-V GmbH,"München, Deutschland",https://stackoverflow.com/jobs/524044
Software Engineer - Machine Learning Team (Python/C++) (m/w/d),Volume Graphics GmbH,"Heidelberg, Deutschland",https://stackoverflow.com/jobs/550558
Senior Python Backend Engineer (Site Reliability Engineering) (f/m/d),Delivery Hero SE,"Berlin, Germany",https://stackoverflow.com/jobs/566684
"Python Developer, REMOTE",Pentalog,No office location,https://stackoverflow.com/jobs/566579
Software Engineer (Python Data Stack) (m/f/d),QuantCo,"Karlsruhe, Germany",https://stackoverflow.com/jobs/349976
"Junior IoT Developer (M/W/D) Python, C++",VISPIRON CHARGE-V GmbH,"München, Deutschland",https://stackoverflow.com/jobs/548810
"Python Software Engineer (Linux, Security)",diconium group,"Stuttgart, Deutschland",https://stackoverflow.com/jobs/556429
"Senior Python Software Developer (m/f/d) @ our Partner ADSPERT (Berlin, remote)",solute GmbH,"Berlin, Deutschland",https://stackoverflow.com/jobs/547853
"IoT / Java, Python Entwickler (w/m/d) - bundesweit & Homeoffice",objective partner AG,"Weinheim, Deutschland",https://stackoverflow.com/jobs/550882
Lead Software Engineer - Python Focus Big Loop Systems (m/f/d),CARIAD,"Ingolstadt, Germany",https://stackoverflow.com/jobs/566377
"Senior Data Engineer (Python, Kafka, Airflow)",AMBOSS,"Berlin, Germany",https://stackoverflow.com/jobs/415218
"Insider Threat Engineer, Remote, Banking, Finance, Python, information security",MUFG,No office location,https://stackoverflow.com/jobs/566297
"Senior .Net Developer for ML, Computer Vision and Python Algorithm development",MapLarge,No office location,https://stackoverflow.com/jobs/165235
"Software-Entwickler / Developer (w/m/d) Java, Python, UiPath - Operation Support",Daimler Group Services Berlin,"Berlin, Deutschland",https://stackoverflow.com/jobs/566052
DevOps Engineer with interesting scale up challenges,Channable,"Utrecht, Netherlands",https://stackoverflow.com/jobs/500253
C++/C Engineers required for leading Engineering company to work in Ireland.,"Arista Networks, Inc","Dublin 1, Ireland",https://stackoverflow.com/jobs/149576
Backend Engineer - all levels at sustainable start-up (m/f/x)-Munich or Remote,FINN,"München, Germany",https://stackoverflow.com/jobs/331741
"Software Engineer, Backend",SmartNews,"Shibuya City, Japan",https://stackoverflow.com/jobs/208334
Senior Software Engineer – Backend for FinTech Startup,Electrolux,"Stockholm, Sweden",https://stackoverflow.com/jobs/566720
Backend Developer,Octopus Energy,"London, UK",https://stackoverflow.com/jobs/197943
"Software Engineer, Python&TypeScript",Chaturbate,No office location,https://stackoverflow.com/jobs/566212
Women in Tech - all levels at sustainable start-up (f/x) - Munich or Remote,FINN,No office location,https://stackoverflow.com/jobs/565648
"Full Stack Software Engineer, Business Integrity",ByteDance,Singapore,https://stackoverflow.com/jobs/553099
Tech Lead Engineering at sustainable start-up (m/f/x) - Munich/Remote,FINN,"München, Germany",https://stackoverflow.com/jobs/541678
Senior Software Developer (Full Stack),Jewel Paymentech Pte Ltd,Singapore,https://stackoverflow.com/jobs/534474
"Software Engineer, Python&TypeScript",Chaturbate,No office location,https://stackoverflow.com/jobs/566212
Backend Developer - APIs Team,Octopus Energy,"London, UK",https://stackoverflow.com/jobs/533658
Django Engineer (m/f/d) for Germany's leading local marketing platform,RegioHelden GmbH,"Stuttgart, Germany",https://stackoverflow.com/jobs/566661
(Senior) Data Engineer (all genders),Elinvar GmbH,"Berlin, Germany",https://stackoverflow.com/jobs/566723
Cloud Engineer - Remote/On-Site,eLearning Industry,"Athens, Greece",https://stackoverflow.com/jobs/566140
Software Developer Frontend / fullstack (all genders),meteocontrol GmbH,"Augsburg, Deutschland",https://stackoverflow.com/jobs/566507
Software Engineer - Backend (d/f/m),Stylight,"München, Deutschland",https://stackoverflow.com/jobs/566055
"Frontend Software Engineer, Business Integrity",ByteDance,Singapore,https://stackoverflow.com/jobs/553035
Full-Stack Software Engineer (C# + .NET 6 / React + Typescript) (f/m/d),HeidelbergCement AG,"Heidelberg, Deutschland",https://stackoverflow.com/jobs/559624
Front End Software Engineer – HPC Products,DUG Technology,"West Perth, Australia",https://stackoverflow.com/jobs/528137
Remote Fullstack Entwicklerin (m/w/d),Ambient,"Köln, Deutschland",https://stackoverflow.com/jobs/552969
"Backend Software Engineer, Video Infrastructure",ByteDance,Singapore,https://stackoverflow.com/jobs/547751
"Backend Software Engineer, Customer Service Platform",ByteDance,Singapore,https://stackoverflow.com/jobs/529048
Full Stack Web Developer (m/w/d),solute GmbH,"Karlsruhe, Deutschland",https://stackoverflow.com/jobs/556141
Software Engineer in Test,McD Tech Labs,"Mountain View, CA",https://stackoverflow.com/jobs/523806
Senior Full Stack Software Engineer,kaliber.ai,No office location,https://stackoverflow.com/jobs/251476
Web Engineer,Signal AI,"London, UK",https://stackoverflow.com/jobs/273615
"Full-Stack Developer, Research & Development",Houston Astros Baseball R&D,"Houston, TX",https://stackoverflow.com/jobs/536288
Lead Full-Stack Software Engineer (Tech Lead) (f/m/d),HeidelbergCement AG,"Heidelberg, Deutschland",https://stackoverflow.com/jobs/557326
Software Engineer - Build the next generation of AI platform,Signal AI,"London, UK",https://stackoverflow.com/jobs/246027
"Full-Stack Developer (JavaScript, Node.JS) - REMOTE",MUFG,No office location,https://stackoverflow.com/jobs/559442
Staff Software Engineer C++ - Intelligent Data Aggregation (m/f/d),CARIAD,"Wolfsburg, Germany",https://stackoverflow.com/jobs/566379
Lead Full-Stack Software Engineer (Tech Lead) (f/m/d),HeidelbergCement AG,"Heidelberg, Deutschland",https://stackoverflow.com/jobs/557326
Full stack software engineer,Ailo,"Sydney, Australia",https://stackoverflow.com/jobs/372382
Software Engineer - Build the next generation of AI platform,Signal AI,"London, UK",https://stackoverflow.com/jobs/246027
System Engineer (f/m/d) Kubernetes,ADITION technologies AG,"Freiburg im Breisgau, Deutschland",https://stackoverflow.com/jobs/525462
"Full-Stack Developer (JavaScript, Node.JS) - REMOTE",MUFG,No office location,https://stackoverflow.com/jobs/559442
Software Engineer (Backend) (m/f/d),QuantCo,"Berlin, Germany",https://stackoverflow.com/jobs/409511
Front-End Software Engineer,HENNGE K.K.,"Tokyo, Japan",https://stackoverflow.com/jobs/381280
Full Stack Engineer Intern,Odoo,"Buffalo, NY",https://stackoverflow.com/jobs/566730
Software Engineer,The Orchard,"London, UK",https://stackoverflow.com/jobs/543314
"Software Engineer, Platform Infrastructure",SmartNews,"Shibuya City, Japan",https://stackoverflow.com/jobs/448299
Software Entwickler (m/w/d),NOVOMATIC AG,"Gumpoldskirchen, Österreich",https://stackoverflow.com/jobs/554829
Full Stack Developer (m/f/d) – Product Team,Boehringer Ingelheim,"Wien, Österreich",https://stackoverflow.com/jobs/566017
"Lead Software Engineer, atma.io",atma.io,No office location,https://stackoverflow.com/jobs/566393
"Senior Software Developer, REMOTE",Pentalog,No office location,https://stackoverflow.com/jobs/566592
Remote Software Engineer Internship,HENNGE K.K.,No office location,https://stackoverflow.com/jobs/518082
"Software Engineering, VP - New York, NY - Banking - Finance - JAVA - AWS - AZURE",MUFG,"New York, NY",https://stackoverflow.com/jobs/566312
"Full-Stack Developer (JavaScript, Node.JS) - REMOTE",MUFG,No office location,https://stackoverflow.com/jobs/566296
Software Engineer in Test,Esri,"Redlands, CA",https://stackoverflow.com/jobs/561053
Backend Software Engineer - Trust and Safety Engineering,ByteDance,Singapore,https://stackoverflow.com/jobs/546396
Staff Site Reliability Engineer,McD Tech Labs,"Mountain View, CA",https://stackoverflow.com/jobs/534770
Software Engineer,Odoo,"Ciudad de México, Mexico",https://stackoverflow.com/jobs/472421
Software Engineer,SUSE,No office location,https://stackoverflow.com/jobs/514397
C++ Software Engineer - Amsterdam,IMC Trading,"Amsterdam, Netherlands",https://stackoverflow.com/jobs/126614
(Senior) Software Developer (m/w/d),Bundesdruckerei-Gruppe,"Berlin, Deutschland",https://stackoverflow.com/jobs/566743
Software Engineering Manager,iptiQ by Swiss Re,"Hoofddorp, Netherlands",https://stackoverflow.com/jobs/472051
Senior Machine Learning Engineer - OPEN TO REMOTE,The RealReal,"San Francisco, CA",https://stackoverflow.com/jobs/557022
"Softwarearchitekt Digitale Signalverarbeitung, Software Defined Radio (m/w/d)",Rheinmetall,"Bremen, Deutschland",https://stackoverflow.com/jobs/560043
(Senior) Backend Engineer (m/w/d) - Trufa,Deloitte Deutschland,"Düsseldorf, Deutschland",https://stackoverflow.com/jobs/545254
Software Architect Lead,WeLab Bank Limited,Hong Kong,https://stackoverflow.com/jobs/565713
Lead Data Scientist,Singapore Innovate Pte. Ltd,Singapore,https://stackoverflow.com/jobs/565885
Senior Software Engineer - tripleup.com,Triple for Numo,"Pittsburgh, PA",https://stackoverflow.com/jobs/545291
Staff Software Engineer C++ - Intelligent Data Aggregation (m/f/d),CARIAD,"Wolfsburg, Germany",https://stackoverflow.com/jobs/566379
Remote Sr. Frontend Architect (React) - Spekit - High Growth Series B Startup,SpekitviaSource Coders,No office location,https://stackoverflow.com/jobs/566565
Software Engineer (m/w/d) Automation,H-TEC SYSTEMS GmbH,"Augsburg, Deutschland",https://stackoverflow.com/jobs/566540
(Senior) Android Software Developer - Munich,Paradox Cat GmbH,"München, Deutschland",https://stackoverflow.com/jobs/181583
Web Systems Engineer - HPC Products,DUG Technology,"West Perth, Australia",https://stackoverflow.com/jobs/528138
"(Senior) Software Engineer, Embedded Systems (m/f/d)",tado GmbH,"München, Deutschland",https://stackoverflow.com/jobs/566734
"Backend Tech Lead, Customer Service Platform",ByteDance,Singapore,https://stackoverflow.com/jobs/546681
Solutions Architect | Senior Consultant | DevOps | Remote,Copado Strategic Services,No office location,https://stackoverflow.com/jobs/517847
System Engineer (m/w/d) Kubernetes/OpenShift,German Edge Cloud GmbH & Co. KG,"Limburg an der Lahn, Deutschland",https://stackoverflow.com/jobs/539732
Software Engineer,Odoo,"San Francisco, CA",https://stackoverflow.com/jobs/472407
Full Stack Engineer,Odoo,"San Francisco, CA",https://stackoverflow.com/jobs/524056
Software Design Engineer C#,Topic Embedded Systems B.V.,"Best, Netherlands",https://stackoverflow.com/jobs/566386
Cloud Engineer Linux,team.blue NL B.V.,"Rotterdam, Netherlands",https://stackoverflow.com/jobs/523426
Software Engineer Frontend/Fullstack - Media & Services Hub (m/f/d),HolidayCheck Group AG,"München, Deutschland",https://stackoverflow.com/jobs/559404
Senior Software Engineer / Ruby or Elixir/ Remote,The RealReal,No office location,https://stackoverflow.com/jobs/522850
Technical Writer (m/f/x) - Munich or Remote,FINN,"München, Germany",https://stackoverflow.com/jobs/566504
Java Software Engineer,IMC Trading,"Amsterdam, Netherlands",https://stackoverflow.com/jobs/122570
(Senior) Backend Developer (f/m/d) Big Data,ADITION technologies AG,"Freiburg im Breisgau, Deutschland",https://stackoverflow.com/jobs/304655
Java Software Engineer,IMC Trading,"Amsterdam, Netherlands",https://stackoverflow.com/jobs/122570
Full Stack Engineer,Odoo,"Buffalo, NY",https://stackoverflow.com/jobs/558069
Backend Engineer - Tradeshift Engage,Tradeshift,"Aarhus, Denmark",https://stackoverflow.com/jobs/526909
Full Stack Engineer,Odoo,"San Francisco, CA",https://stackoverflow.com/jobs/524056
"Backend Tech Lead, Customer Service Platform",ByteDance,Singapore,https://stackoverflow.com/jobs/553813
Cloud Engineer Linux,team.blue NL B.V.,"Rotterdam, Netherlands",https://stackoverflow.com/jobs/523426
Experienced Software Engineer,Outschool,No office location,https://stackoverflow.com/jobs/550915
"Software Engineer, Speech & Audio",ByteDance,Singapore,https://stackoverflow.com/jobs/553106
(Junior) Data Engineer (m/f/x) onsite or remote (in Germany),Scalable Capital GmbH,"München, Deutschland",https://stackoverflow.com/jobs/516327
Entwickler Embedded Software (m/w/d),IHSE GmbH,"Oberteuringen, Deutschland",https://stackoverflow.com/jobs/566700
Software Integration AI Engineer,Intel Corporation,"George Town, Malaysia",https://stackoverflow.com/jobs/552554
Senior Software Developer Engineer in Test (SDET),WithMe HealthviaSource Coders,No office location,https://stackoverflow.com/jobs/566744
"Senior Manager of Software Engineering, Data Platform (Remote Eligible)",Flyr Inc,"Los Angeles, CA",https://stackoverflow.com/jobs/530715
Back-End Software Engineer,HENNGE K.K.,"Tokyo, Japan",https://stackoverflow.com/jobs/380985
Data Engineer for Insurtech Startup,iptiQ by Swiss Re,"Hoofddorp, Netherlands",https://stackoverflow.com/jobs/471200
Forensic Software Developer (Entry and Mid Levels),"Cipher Tech Solutions, Inc","Tampa, FL",https://stackoverflow.com/jobs/562286
Software Entwickler*innen / Programmierer*innen,PNDetector GmbH,"München, Deutschland",https://stackoverflow.com/jobs/566513
Senior Software Engineer - Data Lake,Mimecast,"London, UK",https://stackoverflow.com/jobs/558739
Senior Software Engineer Fullstack Java (m/w/d),SCHUFA Holding AG,"Wiesbaden, Deutschland",https://stackoverflow.com/jobs/566435
Software Engineer (m/w/d),Bühler Motor Aviation GmbH,"Uhldingen-Mühlhofen, Deutschland",https://stackoverflow.com/jobs/566574
DevOps - System Admin (Remote),iubenda,"Milan, Italy",https://stackoverflow.com/jobs/566171
Werkstudent Software Engineering Data & ML (m/w/d),QuantCo,"Karlsruhe, Deutschland",https://stackoverflow.com/jobs/328986
Fullstack Developer (m/w/d),German Edge Cloud GmbH & Co. KG,"Limburg an der Lahn, Deutschland",https://stackoverflow.com/jobs/539736
(Senior) Frontend Engineer (m/w/d) - Trufa,Deloitte Deutschland,"Düsseldorf, Deutschland",https://stackoverflow.com/jobs/533749
Site Reliability Engineer,Zattoo,"Berlin, Germany",https://stackoverflow.com/jobs/565748
(Senior) Software Engineer- ADAS &amp; AD (m/f/d),CARIAD,"Munich, Germany",https://stackoverflow.com/jobs/566563
Software Development Engineer in Test,Intel Corporation,"Bengaluru, India",https://stackoverflow.com/jobs/539336
*REMOTE* Lead (Senior) Kotlin & Java Engineer (m/f/x) High-Load Search-Engine,"AVANTGARDE - ""Creating Fans""",No office location,https://stackoverflow.com/jobs/529656
"Software Engineer, IoT Manufacturing (m/w/d)",tado GmbH,"München, Deutschland",https://stackoverflow.com/jobs/566735
Software Engineer (HVM),Intel Corporation,"Kulim, Malaysia",https://stackoverflow.com/jobs/538188
"Senior Software Engineer, Trust, Education",Chan Zuckerberg Initiative,"Redwood City, CA",https://stackoverflow.com/jobs/537679
"Testing Software Engineer, TikTok e-Commerce",ByteDance,Singapore,https://stackoverflow.com/jobs/533132
Build Engineer - New Sci-Fi FPS IP,Creative Assembly,"Horsham, UK",https://stackoverflow.com/jobs/566137
Site Reliability Engineer - Infrastructure Engineering,ByteDance,Singapore,https://stackoverflow.com/jobs/553810
Embedded Software Engineer,Sonova AG,"Stäfa, Schweiz",https://stackoverflow.com/jobs/566268
"Software Engineer Lead, Vice President - New York, NY - Banking - Financial",MUFG,"New York, NY",https://stackoverflow.com/jobs/566310
Build/Release Engineer,Tausight,No office location,https://stackoverflow.com/jobs/556779
LMAX Software Developer (Core Java),LMAX Group,"London, UK",https://stackoverflow.com/jobs/181651
Technical Support Engineer,Odoo,"San Francisco, CA",https://stackoverflow.com/jobs/558070
Senior Backend Engineer,McD Tech Labs,"Mountain View, CA",https://stackoverflow.com/jobs/523791
Software Engineer Java (m/w/d),SCHUFA Holding AG,No office location,https://stackoverflow.com/jobs/566457
"Senior Software Engineer, Data Services",Avature,"Herndon, VA",https://stackoverflow.com/jobs/566664
JR0178225 OpenIPC Senior Software Engineer,Intel Corporation,"Hillsboro, OR",https://stackoverflow.com/jobs/542196
Senior Full-Stack Engineer with Node.js - Tradeshift Go,Tradeshift,"Bucharest, Romania",https://stackoverflow.com/jobs/526924
DevOps- Engineer (m/w/d),Volume Graphics GmbH,"Heidelberg, Deutschland",https://stackoverflow.com/jobs/545615
Software Engineer - Networking Applications,Intel Corporation,"Bengaluru, India",https://stackoverflow.com/jobs/539242
"Software Engineering, Analyst",MUFG,"Charlotte, NC",https://stackoverflow.com/jobs/559440
Senior Data Engineer (Fully Remote),Call Simulator,"Tallahassee, FL",https://stackoverflow.com/jobs/566182
"Software Engineer, Infrastructure, Education",Chan Zuckerberg Initiative,"Redwood City, CA",https://stackoverflow.com/jobs/565977
Senior Backend Engineer,Singapore Innovate Pte. Ltd,Singapore,https://stackoverflow.com/jobs/561308
Frontend Engineer (m/w/d),QuantCo,"Karlsruhe, Deutschland",https://stackoverflow.com/jobs/553014
"Software Engineer, Infrastructure, Education",Chan Zuckerberg Initiative,"Redwood City, CA",https://stackoverflow.com/jobs/565977
Senior Developer,American Logistics,No office location,https://stackoverflow.com/jobs/522889
Process Engineering Graduate Intern,Intel Corporation,"Albuquerque, NM",https://stackoverflow.com/jobs/531834
Cloud Software Performance Engineer,Intel Corporation,"Hillsboro, OR",https://stackoverflow.com/jobs/528554
Software Defined Radio Developer,Captivation Software,"Aberdeen Proving Ground, MD",https://stackoverflow.com/jobs/316048
Full Stack Engineer,Zattoo,"Berlin, Germany",https://stackoverflow.com/jobs/565749
Software Validation Engineer,Intel Corporation,"Gdańsk, Poland",https://stackoverflow.com/jobs/529939
"Senior Software Engineer, Language",McD Tech Labs,"Mountain View, CA",https://stackoverflow.com/jobs/523798
Application Developer/Anwendungsentwickler (m/w/d),Element Six GmbH,"Burghaun, Deutschland",https://stackoverflow.com/jobs/566639
Junior Backend Engineer (m/f/d),Relayr,"Katowice, Poland",https://stackoverflow.com/jobs/551592
Software Developer (künstliche Intelligenz) - für E-Commerce Agentur in Bremen,hmmh multimediahaus AG,No office location,https://stackoverflow.com/jobs/529059
DevOps Manager/Architect,Self Decode,No office location,https://stackoverflow.com/jobs/566409
Senior Backend Engineer,Singapore Innovate Pte. Ltd,Singapore,https://stackoverflow.com/jobs/561308
Senior Data Engineer (Fully Remote),Call Simulator,"Tallahassee, FL",https://stackoverflow.com/jobs/566182
Senior Data Engineer,Blinks Labs GmbH,"Berlin, Germany",https://stackoverflow.com/jobs/566660
Research Scientist with focus on Interventional Ultrasound (f/m/x),ImFusion GmbH,"München, Deutschland",https://stackoverflow.com/jobs/562664
"Software Engineer (Product Infrastructure), TikTok e-Commerce",ByteDance,Singapore,https://stackoverflow.com/jobs/533135
Senior Software Engineer - Material Analysis Team (C++) (m/w/d),Volume Graphics GmbH,"Heidelberg, Deutschland",https://stackoverflow.com/jobs/163095
Data Engineer (Remote),X-Team,No office location,https://stackoverflow.com/jobs/534443
Wireless Communication Engineer - Working Student (m/f/d),Motius GmbH,"München, Deutschland",https://stackoverflow.com/jobs/566740
Data Engineer,McD Tech Labs,"Mountain View, CA",https://stackoverflow.com/jobs/523793
Firmware Engineer (m/w/d),RUAG Defence Deutschland GmbH,"Wedel, Deutschland",https://stackoverflow.com/jobs/566556
QA Tester,Self Decode,No office location,https://stackoverflow.com/jobs/561041
Staff Machine Learning Engineer - REMOTE,The RealReal,"Remote, OR",https://stackoverflow.com/jobs/552039
Qt C++ SDK Software Development Engineer,Esri,"Redlands, CA",https://stackoverflow.com/jobs/561049
Full Stack Developer,Rakettitiede,"Helsinki, Finland",https://stackoverflow.com/jobs/522743
Senior Data Engineer,Blinks Labs GmbH,"Berlin, Germany",https://stackoverflow.com/jobs/566660
Senior Software Engineer - Material Analysis Team (C++) (m/w/d),Volume Graphics GmbH,"Heidelberg, Deutschland",https://stackoverflow.com/jobs/163095
Software Engineer - Silicon Product Design,Intel Corporation,"Hillsboro, OR",https://stackoverflow.com/jobs/530198
Softwareentwickler* HiL und Prüfstände,EDAG Group,"Ingolstadt, Deutschland",https://stackoverflow.com/jobs/566456
Research Scientist with focus on Interventional Ultrasound (f/m/x),ImFusion GmbH,"München, Deutschland",https://stackoverflow.com/jobs/562664
Process Engineering Graduate Intern,Intel Corporation,"Albuquerque, NM",https://stackoverflow.com/jobs/531835
Data Architect mit einem Flair für AI,ti&m AG,"Zürich, Schweiz",https://stackoverflow.com/jobs/522399
Application Support Engineer,Derivco.,"Málaga, Spain",https://stackoverflow.com/jobs/565319
Wireless Communication Engineer - Working Student (m/f/d),Motius GmbH,"München, Deutschland",https://stackoverflow.com/jobs/566740
Data Engineer,McD Tech Labs,"Mountain View, CA",https://stackoverflow.com/jobs/523793
Staff Machine Learning Engineer - REMOTE,The RealReal,"Remote, OR",https://stackoverflow.com/jobs/552039
DevOps Engineer (Remote),Eterlast,"Barcelona, Spain",https://stackoverflow.com/jobs/563090
DevOps Engineer @ Nozomi Networks,Nozomi Networks,"Mendrisio, Switzerland",https://stackoverflow.com/jobs/555314
Site Reliability Engineer,Flow Traders,"Amsterdam, Netherlands",https://stackoverflow.com/jobs/381007
Firmware Engineer (m/w/d),RUAG Defence Deutschland GmbH,"Wedel, Deutschland",https://stackoverflow.com/jobs/566556
Software Designer,Topic Embedded Systems B.V.,"Best, Netherlands",https://stackoverflow.com/jobs/566186
"Senior Software Engineer, Infrastructure, Education",Chan Zuckerberg Initiative,"Redwood City, CA",https://stackoverflow.com/jobs/537683
Software Developer,SUSE,No office location,https://stackoverflow.com/jobs/558030
"Algorithm Engineer, Enterprise Partnership & Solutions",ByteDance,Singapore,https://stackoverflow.com/jobs/523517
Data Engineer – Data Warehouse,Shopee Singapore Private Limited,Singapore,https://stackoverflow.com/jobs/565914
"Data Scientist, Machine Learning Evaluation",McD Tech Labs,"Mountain View, CA",https://stackoverflow.com/jobs/523805
Senior ML Engineer,Amaris.AI,Singapore,https://stackoverflow.com/jobs/533811
Site Reliability Engineer- ArcGIS Online,Esri,"Redlands, CA",https://stackoverflow.com/jobs/552702
Staff Machine Learning Engineer - Computer Vision (m/f/d),CARIAD,"Wolfsburg, Germany",https://stackoverflow.com/jobs/566380
Software Engineer - Robotics (m/f/d),Motius GmbH,"München, Deutschland",https://stackoverflow.com/jobs/545488
Entwickler FPGA Firmware (m/w/d),IHSE GmbH,"Oberteuringen, Deutschland",https://stackoverflow.com/jobs/566699
Software-Entwickler Excel-Datenschnittstellen und Reports (m/w/d),PSI Software AG Geschäftsbereich PSI Gasnetze und Pipelines,"Berlin, Deutschland",https://stackoverflow.com/jobs/566502
Senior React Developer | Contractor | Remote,Copado Strategic Services,No office location,https://stackoverflow.com/jobs/545086
Senior Software Engineer,Intel Corporation,"Bengaluru, India",https://stackoverflow.com/jobs/539300
"Senior Software Engineer, Embedded Systems (m/f/d)",tado GmbH,No office location,https://stackoverflow.com/jobs/566398
Senior Software Engineer for growing VC-backed UK startup (based in UK/Europe),Snowplow Analytics,No office location,https://stackoverflow.com/jobs/536083
Data Engineer – Data Warehouse,Shopee Singapore Private Limited,Singapore,https://stackoverflow.com/jobs/565914
Senior Data Engineer,Lobster Ink Technologies,"Amsterdam, Netherlands",https://stackoverflow.com/jobs/566626
Senior Go Lang Developer | Contractor | Remote,Copado Strategic Services,No office location,https://stackoverflow.com/jobs/552166
Mobile APP Developers - Leading Electronics Company,Pyronix,"Doncaster, UK",https://stackoverflow.com/jobs/524940
Data Engineer,Coda Payments,No office location,https://stackoverflow.com/jobs/557317
Cloud Software Engineer,Intel Corporation,"Gdańsk, Poland",https://stackoverflow.com/jobs/529942
Intermediate Observability Engineer,Derivco.,"Umhlanga, South Africa",https://stackoverflow.com/jobs/528647
Junior Systems Engineer – Entwicklung und Test vernetzter Funktionen,IAV GmbH,"Gaimersheim, Deutschland",https://stackoverflow.com/jobs/566464
Data Engineer,Hubs,"Amsterdam, Netherlands",https://stackoverflow.com/jobs/558873
Automation Developer - Operations,MHR,"Ruddington, UK",https://stackoverflow.com/jobs/544506
Devops Engineer - Infrastructure Engineering,ByteDance,Singapore,https://stackoverflow.com/jobs/553812
"Site Reliability Engineer, Recommendation Architecture",ByteDance,Singapore,https://stackoverflow.com/jobs/553104
Cloud Software Developer,Intel Corporation,"Guadalajara, Mexico",https://stackoverflow.com/jobs/557644
"Software Engineering, AVP - Hybrid, Charlotte, NC, CI/CD principle, Atlassian",MUFG,"Charlotte, NC",https://stackoverflow.com/jobs/566302
Cloud Software Engineer,Intel Corporation,"Guadalajara, Mexico",https://stackoverflow.com/jobs/536886
Ethernet Technologies RDMA Software Applications Engineer,Intel Corporation,"Austin, TX",https://stackoverflow.com/jobs/530201
Softwareentwickler*in IDA/Big Data,Atruvia AG,"Karlsruhe, Deutschland",https://stackoverflow.com/jobs/566537
Senior Data Engineer E-Commerce (m/w/d),Peek & Cloppenburg,"Düsseldorf, Germany",https://stackoverflow.com/jobs/565672
Ethernet Technologies RDMA Software Applications Engineer,Intel Corporation,"Austin, TX",https://stackoverflow.com/jobs/530201
"Container Platform Engineer, Vice President",MUFG,No office location,https://stackoverflow.com/jobs/559420
Site Reliability Engineer- ArcGIS Online,Esri,"Redlands, CA",https://stackoverflow.com/jobs/552702
Informatiker*in für den Bereich Verkehrsmesstechnik,VITRONIC Dr.-Ing. Stein Bildverarbeitungssysteme GmbH,"Wiesbaden, Deutschland",https://stackoverflow.com/jobs/566725
"Systems Engineering, Analyst",MUFG,"Charlotte, NC",https://stackoverflow.com/jobs/559441
Senior Software Engineer,Administrate,"Edinburgh, UK",https://stackoverflow.com/jobs/522939
Developer Advocate,Supermetrics Oy,"Helsinki, Finland",https://stackoverflow.com/jobs/566093
Entwickler FPGA Firmware (m/w/d),IHSE GmbH,"Oberteuringen, Deutschland",https://stackoverflow.com/jobs/566699
Automotive Security Engineer (m/w/d),Method Park,"Erlangen, Deutschland",https://stackoverflow.com/jobs/558406
Software-Entwickler Excel-Datenschnittstellen und Reports (m/w/d),PSI Software AG Geschäftsbereich PSI Gasnetze und Pipelines,"Berlin, Deutschland",https://stackoverflow.com/jobs/566502
Cloud Solutions Architect for Climate Change - Zurich,MSCI,"Zürich, Switzerland",https://stackoverflow.com/jobs/566491
"Tech Lead, Machine Learning Evaluation",McD Tech Labs,"Mountain View, CA",https://stackoverflow.com/jobs/523812
Machine Learning Engineer (m/f/x),ING Deutschland,"Frankfurt am Main, Deutschland",https://stackoverflow.com/jobs/565982
"Senior Software Engineer, Embedded Systems (m/f/d)",tado GmbH,No office location,https://stackoverflow.com/jobs/566398
Head of Scientific Computing (m/f/div),Max Planck Institute for Neurobiology of Behavior – caesar,"Bonn, Deutschland",https://stackoverflow.com/jobs/566074
"DevOps Engineer, Cloud Data Warehouse",ByteDance,Singapore,https://stackoverflow.com/jobs/550284
Consultant (m/w/d)/ Developer (m/w/d) Robotic Process Automation (RPA),STAR COOPERATION GmbH,"Böblingen, Deutschland",https://stackoverflow.com/jobs/566512
Senior Data Engineer - Ad Tech (f/m/d),Delivery Hero SE,"Berlin, Germany",https://stackoverflow.com/jobs/566539
"Software Engineer, AVP",MUFG,"Charlotte, NC",https://stackoverflow.com/jobs/559429
Test Process and Module Engineer (Platform),Intel Corporation,"George Town, Malaysia",https://stackoverflow.com/jobs/552555
Machine Learning Engineer,Relay42,"Amsterdam, Netherlands",https://stackoverflow.com/jobs/469169
Forensic Software Developer - Technical Team Lead,"Cipher Tech Solutions, Inc","Tampa, FL",https://stackoverflow.com/jobs/566713
Full Stack Developer,BOTS by RevenYOU,"Haarlem, Netherlands",https://stackoverflow.com/jobs/533368
Senior Software Engineer,Administrate,No office location,https://stackoverflow.com/jobs/522940
Forensic Software Developer - Technical Team Lead,"Cipher Tech Solutions, Inc","Tampa, FL",https://stackoverflow.com/jobs/566713
Test Process and Module Engineer (Platform),Intel Corporation,"George Town, Malaysia",https://stackoverflow.com/jobs/552555
Software Engineering Manager (f/m/d),Delivery Hero SE,"Berlin, Germany",https://stackoverflow.com/jobs/566668
Senior Cloud Security Engineer,MUFG,"Charlotte, NC",https://stackoverflow.com/jobs/559434
Full Stack Developer,BOTS by RevenYOU,"Haarlem, Netherlands",https://stackoverflow.com/jobs/533368
Senior Software Engineer,Administrate,No office location,https://stackoverflow.com/jobs/522940
"Software Engineer, AVP",MUFG,"Charlotte, NC",https://stackoverflow.com/jobs/559429
(Junior) Consultant (m/w/d) - IT Implementierungsspezialist / Global Employer Se,Deloitte Deutschland,"Düsseldorf, Deutschland",https://stackoverflow.com/jobs/556992
Ethernet Technologies Software Applications Engineer - DPDK,Intel Corporation,"Hillsboro, OR",https://stackoverflow.com/jobs/530199
DevSecOps Consultant,Ensign InfoSecurity (Cybersecurity) Pte Ltd,Singapore,https://stackoverflow.com/jobs/534274
Cloud Native Senior Software Engineer,Intel Corporation,"Dublin, Ireland",https://stackoverflow.com/jobs/548771
Product Engineer I - Real Time & Big Data,Esri,"Redlands, CA",https://stackoverflow.com/jobs/566044
"Lead, Automation Engineer",Revance,"Pleasanton, CA",https://stackoverflow.com/jobs/566559
DevOps Engineer (m/w/d),solute GmbH,"Karlsruhe, Deutschland",https://stackoverflow.com/jobs/556140
Data Engineer,CGI Suomi,"Helsinki, Finland",https://stackoverflow.com/jobs/559232
DevOps Cloud Engineer (Kubernetes) - Remote,IG Group,No office location,https://stackoverflow.com/jobs/532885
QA Devops Engineer - Open Source Database Solutions (remote),Percona Staffing LLC,No office location,https://stackoverflow.com/jobs/562423
Senior Data Scientist,Choose Your Challenge - Data Careers at Boehringer Ingelheim,"Ingelheim am Rhein, Germany",https://stackoverflow.com/jobs/566536
Systems Engineer – Entwicklung und Test vernetzter Funktionen,IAV GmbH,"Gaimersheim, Deutschland",https://stackoverflow.com/jobs/566463
IT System Engineer (m/w/d),SoSafe GmbH,"Köln, Deutschland",https://stackoverflow.com/jobs/566490
DevOps Developer,ECi Software Solutions,No office location,https://stackoverflow.com/jobs/566558
"Tech Lead Engineering Manager, Business Integrity",ByteDance,Singapore,https://stackoverflow.com/jobs/553100
Senior DevOps Engineer (Nordic or Germany),Nets Group,"Helsingfors, Finland",https://stackoverflow.com/jobs/565836
Full Stack Lead/Architect (Sr. Deep Learning R and D Engineer),Intel Corporation,"Bengaluru, India",https://stackoverflow.com/jobs/539294
Senior DevSecOps Engineer - Remote,MUFG,No office location,https://stackoverflow.com/jobs/559427
Head of Shipping Data Science (ML),eBay,"Bellevue, WA",https://stackoverflow.com/jobs/565971
Senior DevOps Engineer (Nordic or Germany),Nets Group,"Helsingfors, Finland",https://stackoverflow.com/jobs/565836
Full Stack Lead/Architect (Sr. Deep Learning R and D Engineer),Intel Corporation,"Bengaluru, India",https://stackoverflow.com/jobs/539294
Senior DevSecOps Engineer - Remote,MUFG,No office location,https://stackoverflow.com/jobs/559427
"Tech Lead, Data Infrastructure",McD Tech Labs,"Mountain View, CA",https://stackoverflow.com/jobs/523800
Senior Software Engineer,Administrate,No office location,https://stackoverflow.com/jobs/522941
Senior DevOps Engineer,Supermetrics Oy,No office location,https://stackoverflow.com/jobs/565891
Software Engineering Manager,Intel Corporation,"Bengaluru, India",https://stackoverflow.com/jobs/539256
"Site Reliability Engineer, Video Infrastructure",ByteDance,Singapore,https://stackoverflow.com/jobs/547753
Data Engineer (m/w/d) | The Garage,Deloitte Deutschland,"Düsseldorf, Deutschland",https://stackoverflow.com/jobs/545256
Sr. DevOps Enigneer,StyleSeat,No office location,https://stackoverflow.com/jobs/566703
DevOps Engineer  (Jede*r),tarent solutions GmbH,No office location,https://stackoverflow.com/jobs/555101
Senior Cloud Software Engineer,Intel Corporation,"Shanghai, China",https://stackoverflow.com/jobs/540182
Senior SRE / DevOps Engineer (m/f/d),CARIAD,"Wolfsburg, Germany",https://stackoverflow.com/jobs/561427
Senior DevOps Engineer,Zenjob,"Berlin, Germany",https://stackoverflow.com/jobs/552356
Cloud Platform Engineer (d/m/w) Data & Analytics,DEVK Versicherungen,"Köln, Deutschland",https://stackoverflow.com/jobs/526685
Experienced Data Engineer,Accenture Romania,"Bucharest, Romania",https://stackoverflow.com/jobs/525561
Senior DevOps Engineer,Supermetrics Oy,No office location,https://stackoverflow.com/jobs/559002
DevOps Engineer,Esri,"Redlands, CA",https://stackoverflow.com/jobs/566039
Senior Security Analyst (d/m/w) Schwerpunkt IDS und Bedrohungsanalyse,DEVK Versicherungen,"Köln, Deutschland",https://stackoverflow.com/jobs/524954
Security Engineer,Outschool,No office location,https://stackoverflow.com/jobs/566357
Senior Machine Learning/ Deep Learning Engineer (m/f/d),Motius GmbH,"München, Deutschland",https://stackoverflow.com/jobs/565744
McCloud HPC Expert,DUG Technology,"West Perth, Australia",https://stackoverflow.com/jobs/396027
Senior Android Engineer,Livefront,"Minneapolis, MN",https://stackoverflow.com/jobs/521510
Staff Site Reliability Engineer (Traffic),"Wikimedia Foundation, Inc.",No office location,https://stackoverflow.com/jobs/566247
"Senior Developer (React, Node.js) (m/f/d)",Ziegert EverEstate GmbH,"Berlin, Deutschland",https://stackoverflow.com/jobs/394267
Systems Engineer,LMAX Group,"London, UK",https://stackoverflow.com/jobs/535022
Graphics Software Engineer,Intel Corporation,"Shanghai, China",https://stackoverflow.com/jobs/543846
Manager - Data Reliability Engineer,McDonald's Corporation,"Chicago, IL",https://stackoverflow.com/jobs/556557
DevOps Developer,ECi Software Solutions,No office location,https://stackoverflow.com/jobs/566558
Open Source Software Lead (Cloud Native),Intel Corporation,"Dublin, Ireland",https://stackoverflow.com/jobs/553034
"Product Manager, Data & Analytics Solutions (Campus)",Azendian Solutions Pte. Ltd.,Singapore,https://stackoverflow.com/jobs/565767
"Tech Lead Engineering Manager, Business Integrity",ByteDance,Singapore,https://stackoverflow.com/jobs/553100
Senior DevSecOps Engineer - REMOTE,MUFG,No office location,https://stackoverflow.com/jobs/559433
Test Engineer Connected Car (m/w/d),Pixida GmbH,"München, Deutschland",https://stackoverflow.com/jobs/564480
Senior Client Side Developer (m/w/d),Basler AG,"Hamburg, Deutschland",https://stackoverflow.com/jobs/566446
Senior Infra and DevSecOps Engineer,Amaris.AI,Singapore,https://stackoverflow.com/jobs/533810
Ecosystems Software Engineer,Intel Corporation,"George Town, Malaysia",https://stackoverflow.com/jobs/552553
Lead Data & Integration Engineer (HProduce) (f/m/d),HeidelbergCement AG,"Heidelberg, Deutschland",https://stackoverflow.com/jobs/537895
Senior DevSecOps Engineer - REMOTE,MUFG,No office location,https://stackoverflow.com/jobs/559426
"Data Architect, Data Platform",Flyr Inc,"Los Angeles, CA",https://stackoverflow.com/jobs/529117
Frontend Developer,Octopus Energy,"London, UK",https://stackoverflow.com/jobs/533659
Software Engineer,Intel Corporation,"Shanghai, China",https://stackoverflow.com/jobs/540589
Solution Engineer (m/w/d) - Cloud AWS,Deloitte Deutschland,"Düsseldorf, Deutschland",https://stackoverflow.com/jobs/533754
Senior Cloud Infrastructure Engineer - OPEN TO REMOTE,The RealReal,"San Francisco, CA",https://stackoverflow.com/jobs/552029
Senior Cloud Software Engineer,Intel Corporation,"Shanghai, China",https://stackoverflow.com/jobs/540182
Graphics SRIOV Virtualization Developer,Intel Corporation,"Bengaluru, India",https://stackoverflow.com/jobs/539293
Senior Fullstack Engineer,AMBOSS,"Berlin, Germany",https://stackoverflow.com/jobs/557771
"Cloud Engineer (Azure, Google Cloud Platform, AWS)",ti&m AG,"Bern, Schweiz",https://stackoverflow.com/jobs/522337
Senior Solution Engineer (m/w/d) - Cloud Azure Expert,Deloitte Deutschland,"Düsseldorf, Deutschland",https://stackoverflow.com/jobs/533755
"Site Reliability Engineer, Kubernetes",camunda,No office location,https://stackoverflow.com/jobs/550386
Lead Data & Integration Engineer (HProduce) (f/m/d),HeidelbergCement AG,"Heidelberg, Deutschland",https://stackoverflow.com/jobs/537895
"Experienced DevOps Consultant, GitLab/GitHub",Eficode Finland,"Helsinki, Finland",https://stackoverflow.com/jobs/559636
Staff Site Reliability Engineer (Traffic),"Wikimedia Foundation, Inc.",No office location,https://stackoverflow.com/jobs/566247
Senior DevOps Engineer,AIR MILES,"Toronto, ON, Canada",https://stackoverflow.com/jobs/539243
SRE Lead,Electrolux,"Stockholm, Sweden",https://stackoverflow.com/jobs/559156
Senior DevOps Platform Engineer,Blinks Labs GmbH,"Berlin, Germany",https://stackoverflow.com/jobs/565687
Cloud Data Architect mit Flair für AI,ti&m AG,"Bern, Schweiz",https://stackoverflow.com/jobs/522336
Senior iOS engineer - ux + video,SmileDirectClub,No office location,https://stackoverflow.com/jobs/546573
Software Engineer,Intel Corporation,"Hillsboro, OR",https://stackoverflow.com/jobs/530205
Data Analytics Strategist – HConnect (f/m/d),HeidelbergCement AG,"Heidelberg, Deutschland",https://stackoverflow.com/jobs/546689
Site Reliability Engineer III,"Wikimedia Foundation, Inc.",No office location,https://stackoverflow.com/jobs/566260
Software Engineer,Intel Corporation,"Hillsboro, OR",https://stackoverflow.com/jobs/530206
Graphics SRIOV Virtualization Developer,Intel Corporation,"Bengaluru, India",https://stackoverflow.com/jobs/539293
(Junior) Softwareentwickler - Java / Golang / Cloud - (w/m/d),GoCaspi GmbH,No office location,https://stackoverflow.com/jobs/566363
Software Engineer,Intel Corporation,"Hillsboro, OR",https://stackoverflow.com/jobs/530570
Sr. DevOps Engineer,SpaceX,"Hawthorne, CA",https://stackoverflow.com/jobs/562440
Cloud Software Engineer,Intel Corporation,"Hillsboro, OR",https://stackoverflow.com/jobs/530195
LEAD INSTRUCTOR - DATA SCIENCE [full time | hybrid],WBS Gruppe,No office location,https://stackoverflow.com/jobs/529936
Senior DevOps Engineer,The Orchard,"London, UK",https://stackoverflow.com/jobs/543315
Software Engineer (Network Software),SpaceX,"Hawthorne, CA",https://stackoverflow.com/jobs/562442
Senior DevOps Engineer Consultant |  Full-time or Contract | Remote,Copado Strategic Services,No office location,https://stackoverflow.com/jobs/517961
Sr. Software Engineer (Full stack Java),MUFG,"Charlotte, NC",https://stackoverflow.com/jobs/559425
Sr. Application Security Engineer,MUFG,"New York, NY",https://stackoverflow.com/jobs/559422
Senior Software Engineer (Java)- Database Services,Mimecast,"London, UK",https://stackoverflow.com/jobs/558741
Senior DevOps Engineer,Higher Logic,"Arlington, VA",https://stackoverflow.com/jobs/529128
Software Engineer (Network Software),SpaceX,"Hawthorne, CA",https://stackoverflow.com/jobs/562442
Senior DevOps Platform Engineer,Blinks Labs GmbH,"Berlin, Germany",https://stackoverflow.com/jobs/565687
Software Engineer,Intel Corporation,"Hillsboro, OR",https://stackoverflow.com/jobs/530205
Sr. Software Engineer (Full stack Java),MUFG,"Charlotte, NC",https://stackoverflow.com/jobs/559425
Senior Software Engineer (Java)- Database Services,Mimecast,"London, UK",https://stackoverflow.com/jobs/558741
Platform Engineer,SUSE,No office location,https://stackoverflow.com/jobs/555636
Data Engineer,"Betterup, Inc.",No office location,https://stackoverflow.com/jobs/523557
"Cloud Engineer (Azure, Google Cloud Platform, AWS)",ti&m AG,"Zürich, Schweiz",https://stackoverflow.com/jobs/522303
Azure BI Technical Architect,BigChange Ltd,No office location,https://stackoverflow.com/jobs/532866
DevOps / SRE Engineer (f/m/d),HeidelbergCement AG,"Heidelberg, Deutschland",https://stackoverflow.com/jobs/555115
Lead Tech SEO Manager (d/f/m),Stylight,"München, Deutschland",https://stackoverflow.com/jobs/566291
Sr. Signal Integrity Engineer,Intel Corporation,"Shanghai, China",https://stackoverflow.com/jobs/543848
Solution Engineer (m/w/d) - Cloud Azure,Deloitte Deutschland,"Düsseldorf, Deutschland",https://stackoverflow.com/jobs/533750
Machine Learning Engineer,"Betterup, Inc.",No office location,https://stackoverflow.com/jobs/523562
Sr. Application Security Engineer,MUFG,"New York, NY",https://stackoverflow.com/jobs/559422
Network Software Engineer,Intel Corporation,"Bengaluru, India",https://stackoverflow.com/jobs/539257
Data Platform Architect,Octopus Energy,"London, UK",https://stackoverflow.com/jobs/541302
DevOps Engineer (m/w/d) | The Garage,Deloitte Deutschland,"Düsseldorf, Deutschland",https://stackoverflow.com/jobs/545252
Senior Security Engineer,IG Group,"London, UK",https://stackoverflow.com/jobs/555193
Lead DevOps / SRE Engineer (f/m/d),HeidelbergCement AG,"Heidelberg, Deutschland",https://stackoverflow.com/jobs/555118
Data Analytics Engineer II,Fullscript,No office location,https://stackoverflow.com/jobs/566652
Senior Data Engineer,Supermetrics Oy,"Helsinki, Finland",https://stackoverflow.com/jobs/546539
DevOps Lead,Which?,"London, UK",https://stackoverflow.com/jobs/556891
Ethernet Manageability Applications Engineer,Intel Corporation,"Austin, TX",https://stackoverflow.com/jobs/530200
Senior DevOps Engineer,Higher Logic,"Arlington, VA",https://stackoverflow.com/jobs/529128
Senior Cloud Software Services Architect,Intel Corporation,"Hillsboro, OR",https://stackoverflow.com/jobs/530190
Data Scientist,AutoTrader,"Toronto, ON, Canada",https://stackoverflow.com/jobs/529015
Lead DevOps / SRE Engineer (f/m/d),HeidelbergCement AG,"Heidelberg, Deutschland",https://stackoverflow.com/jobs/555118
Cloud Infrastructure Engineer,Relay42,"Amsterdam, Netherlands",https://stackoverflow.com/jobs/407421
Senior DevOps Engineer - Data Operations,"Sailpoint Technologies, Inc.",No office location,https://stackoverflow.com/jobs/557351
Hyperscale Cloud Developer Advocate,Intel Corporation,"Hillsboro, OR",https://stackoverflow.com/jobs/528557
AI Solutions Architect,Intel Corporation,"Bengaluru, India",https://stackoverflow.com/jobs/539246
DevOps Engineer - High Performance Computing (Mid-Career),Sandia National Laboratories,"Albuquerque, NM",https://stackoverflow.com/jobs/566341
"Sr. Capacity and Performance Engineer - remote, financial services industry",MUFG,No office location,https://stackoverflow.com/jobs/566300
Cloud Engineer,Olo,No office location,https://stackoverflow.com/jobs/516558
DevOps Engineer,Higher Logic,No office location,https://stackoverflow.com/jobs/566273
"Cloud Engineer, AVP -Remote",MUFG,No office location,https://stackoverflow.com/jobs/559428
Senior Solutions Architect/Data Architect,Intel Corporation,"Hillsboro, OR",https://stackoverflow.com/jobs/530028
Senior Security Engineer - REMOTE,MUFG,No office location,https://stackoverflow.com/jobs/559444
Scala Engineer,Snowplow Analytics,No office location,https://stackoverflow.com/jobs/562416
"Software Engineering Manager, Seattle WA",MSCI,"Seattle, WA",https://stackoverflow.com/jobs/565855
Computer Scientist - Development Programs - Entry/ Mid-Level,National Security Agency,"Fort Meade, MD",https://stackoverflow.com/jobs/565896
Software Engineers,Lightmatter,No office location,https://stackoverflow.com/jobs/565756
Join our Tech Community as Working Student (m/f/d),Motius GmbH,"München, Deutschland",https://stackoverflow.com/jobs/566670
Head of Engineering (m/f/d),VEACT GmbH,"München, Deutschland",https://stackoverflow.com/jobs/538334
Senior Software Engineers,Lightmatter,No office location,https://stackoverflow.com/jobs/523002
Senior Backend Developer (f/m/d),HOMELIKE INTERNET GmbH,"Köln, Deutschland",https://stackoverflow.com/jobs/522556
Senior Front-End Developer,kaliber.ai,No office location,https://stackoverflow.com/jobs/565929
Senior Software Engineer – Container Ecosystem,SUSE,No office location,https://stackoverflow.com/jobs/554241
"Interview Engineer (Remote, United Kingdom)",Karat.com,No office location,https://stackoverflow.com/jobs/565630
Senior Software Engineer (Go),HENNGE K.K.,"Tokyo, Japan",https://stackoverflow.com/jobs/555512
Junior Software Engineer im Firmenübergreifenden Trainee-Programm (100%),M&F Engineering AG,"Weiningen, Schweiz",https://stackoverflow.com/jobs/233263
"Software Engineering Manager - Selection Domain, Core Order (w/m/d)",Delivery Hero SE,"Berlin, Germany",https://stackoverflow.com/jobs/562276
Platform Engineer,Octopus Energy,"Houston, TX",https://stackoverflow.com/jobs/531787
Senior DevOps Engineer (Cloud Solutions),Coda Payments,No office location,https://stackoverflow.com/jobs/565675
Sr. Software Engineer,SpaceX,"Hawthorne, CA",https://stackoverflow.com/jobs/562441
Engineering Manager,AMBOSS,"Berlin, Germany",https://stackoverflow.com/jobs/524863
Senior Data Engineer - Remote,Didomi,"Paris, France",https://stackoverflow.com/jobs/557607
Principal Java Engineer,Picnic,"Amsterdam, Netherlands",https://stackoverflow.com/jobs/559762
Senior SOC Engineer (Remote - Canada),Open Systems AG,"Vancouver, BC, Canada",https://stackoverflow.com/jobs/548058
DevOps Engineer (w/m/d) - bundesweit & Homeoffice,objective partner AG,"Weinheim, Deutschland",https://stackoverflow.com/jobs/550881
Engineering Technical Recruiter,QuantCo,"Berlin, Deutschland",https://stackoverflow.com/jobs/553016
"Interview Engineer (Remote, Canada)",Karat.com,No office location,https://stackoverflow.com/jobs/565626
"Interview Engineer (Remote, Australia)",Karat.com,No office location,https://stackoverflow.com/jobs/565625
"Interview Engineer (Remote, Germany)",Karat.com,No office location,https://stackoverflow.com/jobs/565627
Research Scientist,"Edgestream Partners, L.P.","Princeton, NJ",https://stackoverflow.com/jobs/518607
Lead AI Engineer,Singapore Innovate Pte. Ltd,Singapore,https://stackoverflow.com/jobs/560743
"Interview Engineer (Remote, South Africa)",Karat.com,No office location,https://stackoverflow.com/jobs/565624
Data Corn (m/w/d),Breuninger GmbH & Co.,"Stuttgart, Deutschland",https://stackoverflow.com/jobs/432950
"Interview Engineer (Remote, Mexico)",Karat.com,No office location,https://stackoverflow.com/jobs/565629
"Interview Engineer (Remote, Israel)",Karat.com,No office location,https://stackoverflow.com/jobs/565628
"Tech Lead Engineering Manager, Trust and Safety Engineering",ByteDance,Singapore,https://stackoverflow.com/jobs/546397
Scientific Applications Developer,DownUnder GeoSolutions Pty Ltd,"West Perth, Australia",https://stackoverflow.com/jobs/352726
Senior SOC Engineer,Open Systems AG,"Zürich, Switzerland",https://stackoverflow.com/jobs/548049
Backend Developer with Cloud experience,Accenture Romania,No office location,https://stackoverflow.com/jobs/534721
Senior Security Engineer,Open Systems AG,"Noida, India",https://stackoverflow.com/jobs/548050
Machine Learning Technical Lead - E-commerce Risk Management,ByteDance,Singapore,https://stackoverflow.com/jobs/525174
